first,second,condition,prefixes,root,suffixes,word,target_type,error_to_which_morpheme,i_morpheme,i_within_morpheme,target_letter_before_error,letter_after_error,error_word,is_error,wordlength
frenkincense,frenkincense,r,,frankincense,,frankincense,control,r,,2,a,e,frenkincense,2,12
embarriss,embarrass,r,,embarrass,,embarrass,control,r,,6,a,i,embarriss,3,9
tallelujah,tallelujah,r,,hallelujah,,hallelujah,control,r,,0,h,t,tallelujah,2,10
abnormallm,abnormally,prss,ab,norm,al_ly,abnormally,target,s,1.0,1,y,m,abnormallm,3,10
renewal,renewal,prs,re,new,al,renewal,target,r,,1,e,a,renawal,0,7
restaurant,restaurart,r,,restaurant,,restaurant,control,r,,8,n,r,restaurart,1,10
hollowness,hollowness,rs_long,,hollow,ness,hollowness,target,s,0.0,3,s,v,hollownesv,0,10
eljoyment,enjoyment,prs,en,joy,ment,enjoyment,target,p,0.0,1,n,l,eljoyment,3,9
disembowel,disembowel,ppr,dis_em,bowel,,disembowel,target,p,1.0,1,m,w,disewbowel,0,10
alienato,alienato,rs,,alien,ate,alienate,target,s,0.0,2,e,o,alienato,2,8
deectivation,deectivation,prsss,de,act,iv_at_ion,deactivation,target,r,,0,a,e,deectivation,2,12
witletsly,witletsly,rss,,wit,less_ly,witlessly,target,s,0.0,2,s,t,witletsly,2,9
emphasis,emphasis,r,,emphasis,,emphasis,control,r,,2,p,g,emghasis,0,8
entangle,entangle,pr,en,tangle,,entangle,target,r,,0,t,p,enpangle,0,8
eucalyptus,eucalyptus,r,,eucalyptus,,eucalyptus,control,r,,3,a,o,eucolyptus,0,10
quaranvine,quarantine,r,,quarantine,,quarantine,control,r,,6,t,v,quaranvine,3,10
catastrophi,catastrophi,r,,catastrophe,,catastrophe,control,r,,10,e,i,catastrophi,2,11
reactivate,roactivate,prss,re,act,iv_ate,reactivate,target,p,0.0,1,e,o,roactivate,1,10
irrelesant,irrelevant,pprs,ir_re,lev,ant,irrelevant,target,r,,2,v,s,irrelesant,3,10
above,ahove,r,,above,,above,control,r,,1,b,h,ahove,1,5
leprecheun,leprecheun,r,,leprechaun,,leprechaun,control,r,,7,a,e,leprecheun,2,10
silhouette,silhouette,r,,silhouette,,silhouette,control,r,,4,o,i,silhiuette,0,10
vispleasure,vispleasure,prs_long,dis,pleas,ure,displeasure,target,p,0.0,0,d,v,vispleasure,2,11
caterpillar,caterpillar,r,,caterpillar,,caterpillar,control,r,,9,a,e,caterpiller,0,11
district,districs,r,,district,,district,control,r,,7,t,s,districs,1,8
reoetsell,reoetsell,ppr,re_out,sell,,reoutsell,target,p,1.0,1,u,e,reoetsell,2,9
propaganda,propaganda,r,,propaganda,,propaganda,control,r,,6,a,u,propagunda,0,10
guirlotine,guirlotine,r,,guillotine,,guillotine,control,r,,3,l,r,guirlotine,2,10
mouns,mount,r,,mount,,mount,control,r,,4,t,s,mouns,3,5
unlawful,urlawful,prs,un,law,ful,unlawful,target,p,0.0,1,n,r,urlawful,1,8
sagittarius,sagittarous,r,,sagittarius,,sagittarius,control,r,,8,i,o,sagittarous,1,11
fifthlm,fifthlm,rss,,fif,th_ly,fifthly,target,s,1.0,1,y,m,fifthlm,2,7
optionally,optionally,rsss,,opt,ion_al_ly,optionally,target,s,0.0,1,o,e,optienally,0,10
architest,architect,r,,architect,,architect,control,r,,7,c,s,architest,3,9
desconnect,desconnect,pr_long,dis,connect,,disconnect,target,p,0.0,1,i,e,desconnect,2,10
unarm,unarm,pr,un,arm,,unarm,target,p,0.0,1,n,m,umarm,0,5
common,common,r,,common,,common,control,r,,3,m,r,comron,0,6
uninform,uniyform,ppr,un_in,form,,uninform,target,p,1.0,1,n,y,uniyform,1,8
chemically,chimically,rsss,,chem,ic_al_ly,chemically,target,r,,2,e,i,chimically,1,10
encylcopedia,encylcopedia,r,,encylcopedia,,encylcopedia,control,r,,1,n,w,ewcylcopedia,0,12
misufe,misufe,pr,mis,use,,misuse,target,r,,1,s,f,misufe,2,6
analogue,alalogue,r,,analogue,,analogue,control,r,,1,n,l,alalogue,1,8
blaspheme,blaspheme,r,,blaspheme,,blaspheme,control,r,,3,s,g,blagpheme,0,9
softly,softry,rs,,soft,ly,softly,target,s,0.0,0,l,r,softry,1,6
abracadabna,abracadabra,r,,abracadabra,,abracadabra,control,r,,9,r,n,abracadabna,3,11
vellophane,cellophane,r,,cellophane,,cellophane,control,r,,0,c,v,vellophane,3,10
stmict,strict,r,,strict,,strict,control,r,,2,r,m,stmict,3,6
secrete,seprete,r,,secrete,,secrete,control,r,,2,c,p,seprete,1,7
irrelikable,irrelikable,pprs,ir_re,lik,able,irrelikable,target,r,,2,k,d,irrelidable,0,11
amtistically,artistically,rssss,,art,ist_ic_al_ly,artistically,target,r,,1,r,m,amtistically,3,12
disorderly,disorderly,prs_long,dis,order,ly,disorderly,target,r,,3,e,o,disordorly,0,10
accomplice,accomplice,r,,accomplice,,accomplice,control,r,,8,c,s,accomplise,0,10
anarchigally,anarchically,prsss,an,arch,ic_al_ly,anarchically,target,s,0.0,1,c,g,anarchigally,3,12
verticalmy,verticalmy,rs_long,,vertical,ly,vertically,target,s,0.0,0,l,m,verticalmy,2,10
rediscover,rudiscover,pr_long,re,discover,,rediscover,target,p,0.0,1,e,u,rudiscover,1,10
ingredient,ingrehient,r,,ingredient,,ingredient,control,r,,5,d,h,ingrehient,1,10
hippogotamus,hippopotamus,r,,hippopotamus,,hippopotamus,control,r,,5,p,g,hippogotamus,3,12
reinserance,reinsurance,pprs,re_in,sur,ance,reinsurance,target,r,,1,u,e,reinserance,3,11
catalog,datalog,r,,catalog,,catalog,control,r,,0,c,d,datalog,1,7
hiereglyph,hiereglyph,r,,hieroglyph,,hieroglyph,control,r,,4,o,e,hiereglyph,2,10
yhododendron,yhododendron,r,,rhododendron,,rhododendron,control,r,,0,r,y,yhododendron,2,12
wetyy,wetly,rs,,wet,ly,wetly,target,s,0.0,0,l,y,wetyy,3,5
allusivemy,allusivemy,rss,,allus,ive_ly,allusively,target,s,1.0,0,l,m,allusivemy,2,10
demenically,demonically,rsss,,demon,ic_al_ly,demonically,target,r,,3,o,e,demenically,3,11
egoistecally,egoistically,rssss,,ego,ist_ic_al_ly,egoistically,target,s,1.0,0,i,e,egoistecally,3,12
tarbourine,tarbourine,r,,tambourine,,tambourine,control,r,,2,m,r,tarbourine,2,10
tomorraw,tomorraw,r,,tomorrow,,tomorrow,control,r,,6,o,a,tomorraw,2,8
inactivate,ilactivate,prss,in,act,iv_ate,inactivate,target,p,0.0,1,n,l,ilactivate,1,10
