first,second,condition,root,prefixes,suffixes,word,target_type,error_to_which_morpheme,i_morpheme,i_within_morpheme,target_letter_before_error,letter_after_error,error_word,is_error,wordlength
erédsaij,erédsaij,ppr,saij,er_éd,,erédsaij,control,p,0.0,0,e,o,orédsaij,0,8
surcrolèm,sulcrolèm,pr_long,crolèm,sur,,surcrolèm,target,p,0.0,2,r,l,sulcrolèm,1,9
décertationalisme,décertationalasme,prssss,cert,dé,at_ion_al_isme,décertationalisme,target,s,3.0,0,i,a,décertationalasme,1,17
édrounacne,édrounasne,prs,roun,éd,acne,édrounacne,control,s,0.0,1,c,s,édrounasne,1,10
méplofautnemt,méplofautnemt,prs_long,lofaut,rép,nemt,réplofautnemt,control,p,0.0,0,r,m,méplofautnemt,2,13
irterlém,interlém,pr,lém,inter,,interlém,target,p,0.0,1,n,r,irterlém,3,8
roquequinemt,moquequinemt,rss,roqu,,equi_nemt,roquequinemt,control,r,,0,r,m,moquequinemt,1,12
toubielaire,toubielaire,rs_long,toubien,,aire,toubienaire,target,r,,6,n,l,toubielaire,2,11
rusneriènnemt,rusneriènnemt,pprs,rièn,rus_ne,nemt,rusneriènnemt,control,s,0.0,0,n,r,rusneriènremt,0,13
cortanisation,cortanisation,rsss,cort,,an_isat_ion,cortanisation,target,r,,3,t,c,corcanisation,0,13
chameud,shameud,r_long,chameud,,,chameud,target,r,,0,c,s,shameud,1,7
vertlasitaoin,vértlasitaoin,rssss,vért,,la_si_ta_oin,vértlasitaoin,control,r,,1,é,e,vertlasitaoin,3,13
mirépmactaoin,mirépmactaoin,pprss,mac,mi_rép,ta_oin,mirépmactaoin,control,p,0.0,1,i,a,marépmactaoin,0,13
dégierablement,dégierablerent,prss,gier,dé,able_ment,dégierablement,target,s,1.0,0,m,r,dégierablerent,1,14
leplemisation,replemisation,prsss,plem,re,is_at_ion,replemisation,target,p,0.0,0,r,l,leplemisation,3,13
trot,trot,r,troc,,,troc,control,r,,3,c,t,trot,2,4
leudisem,loudisem,rs,loud,,isem,loudisem,control,r,,1,o,e,leudisem,3,8
surencrusment,suruncrusment,pprs,crus,sur_en,ment,surencrusment,target,p,1.0,0,e,u,suruncrusment,1,13
nipell,nipell,pr,pelm,ni,,nipelm,control,r,,3,m,l,nipell,2,6
édtioceast,édtioceist,prs,tioc,éd,eist,édtioceist,control,s,0.0,1,i,a,édtioceast,3,10
miréppelmtaoin,miréppelmtaoin,pprss,pelm,mi_rép,ta_oin,miréppelmtaoin,control,s,0.0,0,t,s,miréppelmsaoin,0,14
rujoinelelnemt,rujoinelilnemt,rsss,ruj,,oin_elel_nemt,rujoinelelnemt,control,s,1.0,2,e,i,rujoinelilnemt,1,14
inchévaulanca,inchévaulance,prs_long,chévaul,in,ance,inchévaulance,target,s,0.0,3,e,a,inchévaulanca,3,13
camamt,camamt,rs,cam,,ant,camant,target,s,0.0,1,n,m,camamt,2,6
noar,nour,r,nour,,,nour,target,r,,2,u,a,noar,3,4
novérttiémisla,nivérttiémisla,prsss,vért,ni,tié_mis_la,nivérttiémisla,control,p,0.0,1,i,o,novérttiémisla,3,14
doulalisapion,doulalisation,rssss,doul,,al_is_at_ion,doulalisation,target,s,2.0,1,t,p,doulalisapion,3,13
édpelmlasitaoin,édpelllasitaoin,prssss,pelm,éd,la_si_ta_oin,édpelmlasitaoin,control,r,,3,m,l,édpelllasitaoin,1,15
laevéch,lauvéch,r_long,lauvéch,,,lauvéch,control,r,,2,u,e,laevéch,3,7
russpocél,russpocél,pr_long,spocél,rus,,russpocél,control,p,0.0,0,r,l,lusspocél,0,9
gaerivement,gaerivement,rss,gier,,ive_ment,gierivement,target,r,,1,i,a,gaerivement,2,11
ertretsisnut,ertretsisnut,prss,tret,er,sis_nat,ertretsisnat,control,s,1.0,1,a,u,ertretsisnut,2,12
prérejaun,pmérejaun,ppr,jaun,pré_re,,prérejaun,target,p,0.0,1,r,m,pmérejaun,1,9
kieutelment,kèeutelment,rs_long,kieutel,,ment,kieutelment,target,r,,1,i,è,kèeutelment,1,11
ircomclôtable,ircomclôtable,pprs,clôt,in_com,able,incomclôtable,target,p,0.0,1,n,r,ircomclôtable,2,13
doficme,dofisme,rs,dof,,isme,dofisme,target,s,0.0,1,s,c,doficme,3,7
rensinort,rensinort,pr,nort,renti,,rentinort,control,p,0.0,3,t,s,rensinort,2,9
dodouliste,dédouliste,prs,doul,dé,iste,dédouliste,target,p,0.0,1,é,o,dodouliste,3,10
nier,nier,r,nièr,,,nièr,target,r,,2,è,e,nier,2,4
samaristique,samaristique,rsss,san,,ar_ist_ique,sanaristique,target,r,,2,n,m,samaristique,2,12
letizusanie,letizusarie,rs_long,letizus,,arie,letizusarie,control,s,0.0,1,r,n,letizusanie,3,11
prédopeusement,prédofeusement,prss,dof,pré,euse_ment,prédofeusement,target,r,,2,f,p,prédopeusement,3,14
tounoc,tounoc,r_long,tounec,,,tounec,control,r,,4,e,o,tounoc,2,6
érperrièn,érperrièn,ppr,rièn,érp_er,,érperrièn,control,r,,3,n,l,érperrièl,0,9
réplourrétequi,réplourrétequi,prs_long,lourrét,rép,equi,réplourrétequi,control,r,,6,t,s,réplourrésequi,0,14
erlacsitaoin,ermacsitaoin,prsss,mac,er,si_ta_oin,ermacsitaoin,control,r,,0,m,l,erlacsitaoin,3,12
reigevinemt,reigevinemt,rss,reig,,evi_nemt,reigevinemt,control,r,,0,r,n,neigevinemt,0,11
imprédiotateon,imprédiotateon,pprss,diot,im_pré,at_ion,imprédiotation,target,s,1.0,0,i,e,imprédiotateon,2,14
rémalisation,rémalisation,rssss,lém,,al_is_at_ion,lémalisation,target,r,,0,l,r,rémalisation,2,12
soutournos,soutournos,pr_long,tournos,sou,,soutournos,target,r,,2,u,e,soutoernos,0,10
déjunationalisme,déjurationalisme,prssss,jur,dé,at_ion_al_isme,déjurationalisme,target,r,,2,r,n,déjunationalisme,3,16
qoor,quor,r,quor,,,quor,target,r,,1,u,o,qoor,3,4
troliquement,troliquement,rss,tron,,ique_ment,troniquement,target,r,,3,n,l,troliquement,2,12
trevaut,trevaut,r_long,trevaus,,,trevaus,control,r,,6,s,t,trevaut,2,7
imprétertatién,imprétertatién,pprss,tert,im_pré,at_ion,imprétertation,target,s,1.0,1,o,é,imprétertatién,2,14
réplifesuenemt,rétlifesuenemt,prss,lif,rép,esue_nemt,réplifesuenemt,control,p,0.0,2,p,t,rétlifesuenemt,1,14
gauntireist,gauntireist,rs_long,gauntir,,eist,gauntireist,control,r,,3,n,r,gaurtireist,0,11
osuletech,osuletech,pr_long,letech,osu,,osuletech,control,p,0.0,2,u,o,osoletech,0,9
surendicment,surendicnent,pprs,dic,sur_en,ment,surendicment,target,s,0.0,0,m,n,surendicnent,1,12
ininterplem,inilterplem,ppr,plem,in_inter,,ininterplem,target,p,1.0,1,n,l,inilterplem,1,11
lanslasitaoil,lanslasitaoin,rssss,lans,,la_si_ta_oin,lanslasitaoin,control,s,3.0,2,n,l,lanslasitaoil,3,13
erléuttitaoin,erléuttetaoin,prsss,léut,er,ti_ta_oin,erléuttitaoin,control,s,0.0,1,i,e,erléuttetaoin,1,13
fertionellement,fertionellement,rsss,cert,,ion_elle_ment,certionellement,target,r,,0,c,f,fertionellement,2,15
ermacoin,emmacoin,prs,mac,er,oin,ermacoin,control,p,0.0,1,r,m,emmacoin,1,8
intron,iltron,pr,tron,in,,intron,target,p,0.0,1,n,l,iltron,1,6
déjaisalisation,déjaiselisation,prssss,jais,dé,al_is_at_ion,déjaisalisation,target,s,0.0,0,a,e,déjaiselisation,1,15
prékieutellent,prékieutellent,prs_long,kieutel,pré,ment,prékieutelment,target,s,0.0,0,m,l,prékieutellent,2,14
tuélanp,tuélanp,rs,tuél,,ant,tuélant,target,s,0.0,2,t,p,tuélanp,2,7
pelmrasitequi,polmrasitequi,rsss,pelm,,ra_sit_equi,pelmrasitequi,control,r,,1,e,o,polmrasitequi,1,13
miréptrectaoin,miréptrectaoin,pprss,trec,mi_rép,ta_oin,miréptrectaoin,control,r,,2,e,è,miréptrèctaoin,0,14
édrujtéoinlaisem,édrujtaoinlaisem,prssss,ruj,éd,ta_oin_la_isem,édrujtaoinlaisem,control,s,0.0,1,a,é,édrujtéoinlaisem,3,16
roif,roif,r,roif,,,roif,control,r,,3,f,d,roid,0,4
toubiem,toubiem,r_long,toubien,,,toubien,target,r,,6,n,m,toubiem,2,7
nimèrcomacne,nimèrcomacne,prs_long,lèrcom,ni,acne,nilèrcomacne,control,r,,0,l,m,nimèrcomacne,2,12
dofilisation,dofilisation,rssss,dof,,al_is_at_ion,dofalisation,target,s,0.0,0,a,i,dofilisation,2,12
roifnat,roifnat,rs,roif,,nat,roifnat,control,s,0.0,0,n,m,roifmat,0,7
édmacalbenemt,édmacalbenemt,prss,mac,éd,albe_nemt,édmacalbenemt,control,p,0.0,1,d,s,ésmacalbenemt,0,13
deuchamlemt,deuchamnemt,rs_long,deucham,,nemt,deuchamnemt,control,s,0.0,0,n,l,deuchamlemt,3,11
décamarce,décamarce,prs,cam,dé,ance,décamance,target,s,0.0,1,n,r,décamarce,2,9
adcoit,adcoit,pr,coit,ad,,adcoit,target,p,0.0,0,a,i,idcoit,0,6
nimoclasable,nemoclasable,pprs,las,ni_moc,able,nimoclasable,control,p,0.0,1,i,e,nemoclasable,1,12
précrolèm,précrolèm,pr_long,crolèm,pré,,précrolèm,target,r,,2,o,i,précrilèm,0,9
lanclaisem,lanslaisem,rss,lans,,la_isem,lanslaisem,control,r,,3,s,c,lanclaisem,3,10
redéfam,redéfam,ppr,cam,re_dé,,redécam,target,r,,0,c,f,redéfam,2,7
resanitation,resanitation,prsss,san,re,it_at_ion,resanitation,target,p,0.0,0,r,l,lesanitation,0,12
réplèrcom,réplircom,pr_long,lèrcom,rép,,réplèrcom,control,r,,1,è,i,réplircom,1,9
replemissent,replemissant,prss,plem,re,iss_ant,replemissant,target,s,1.0,0,a,e,replemissent,3,12
insnalitésimal,insnalitésimal,prsss,snal,in,ité_sim_al,insnalitésimal,target,p,0.0,1,n,r,irsnalitésimal,0,14
rusnesaijnems,rusnesaijnems,pprs,saij,rus_ne,nemt,rusnesaijnemt,control,s,0.0,3,t,s,rusnesaijnems,2,13
trocnatiasoin,trocnatiasoin,rsss,troc,,na_tias_oin,trocnatiasoin,control,s,0.0,0,n,l,troclatiasoin,0,13
omprénouration,imprénouration,pprss,nour,im_pré,at_ion,imprénouration,target,p,0.0,0,i,o,omprénouration,3,14
dafalisme,dafalisme,rss,dof,,al_isme,dofalisme,target,r,,1,o,a,dafalisme,2,9
pod,fod,r,fod,,,fod,control,r,,0,f,p,pod,3,3
prébulitesique,prébulitesique,prs_long,zulites,pré,ique,prézulitesique,target,r,,0,z,b,prébulitesique,2,14
spécolista,spécoliste,rs_long,spécol,,iste,spécoliste,target,s,0.0,3,e,a,spécolista,3,10
trocnat,troclat,rs,troc,,nat,trocnat,control,s,0.0,0,n,l,troclat,1,7
nirentimér,nirentimér,ppr,mél,ni_renti,,nirentimél,control,r,,2,l,r,nirentimér,2,10
csetel,chetel,r_long,chetel,,,chetel,target,r,,1,h,s,csetel,3,6
édluptaoinlaisem,édluptaoinlaisem,prssss,lub,éd,ta_oin_la_isem,édlubtaoinlaisem,control,r,,2,b,p,édluptaoinlaisem,2,16
derid,darid,pr,rid,da,,darid,control,p,0.0,1,a,e,derid,3,5
tôlcrasitaoin,tôlclasitaoin,rssss,tôlc,,la_si_ta_oin,tôlclasitaoin,control,s,0.0,0,l,r,tôlcrasitaoin,3,13
rejaunion,rejiunion,prs,jaun,re,ion,rejaunion,target,r,,1,a,i,rejiunion,1,9
