first,second,morphemes,prefixes,root,suffixes,word,target_type,error_to_which_morpheme,i_morpheme,i_within_morpheme,target_letter_before_error,letter_after_error,error_word,is_error,wordlength
couffin,couffin,r,,couffin,,couffin,control,r,,4,f,t,couftin,0,7
zénish,zénith,r,,zénith,,zénith,control,r,,4,t,s,zénish,3,6
redéfaire,redéfaire,ppr,re_dé,faire,,redéfaire,target,p,1.0,1,é,a,redafaire,0,9
électrique,électritue,rs_long,,électr,ique,électrique,target,s,0.0,1,q,t,électritue,1,10
redecouvre,redecouvra,ppr,re_de,couvre,,redecouvre,target,r,,5,e,a,redecouvra,1,10
holocauste,holocauste,r,,holocauste,,holocauste,control,r,,5,a,e,holoceuste,0,10
assereur,assereur,prs,as,sur,eur,assureur,target,r,,1,u,e,assereur,2,8
aiguille,aeguille,r,,aiguille,,aiguille,control,r,,1,i,e,aeguille,1,8
invisoble,invisible,prs_long,in,vis,ible,invisible,target,s,0.0,0,i,o,invisoble,3,9
créativité,créativité,rsss,,cré,at_iv_ité,créativité,target,r,,2,é,a,craativité,0,10
piritanisme,piritanisme,rsss,,pur,it_an_isme,puritanisme,target,r,,1,u,i,piritanisme,2,11
prévoer,prévoer,pr,pré,voir,,prévoir,target,r,,2,i,e,prévoer,2,7
ingéniositi,ingéniosité,prss,in,gén,ios_ité,ingéniosité,target,s,1.0,2,é,i,ingéniositi,3,11
hiérarchee,hiérarchee,r,,hiérarchie,,hiérarchie,control,r,,8,i,e,hiérarchee,2,10
cotillor,cotillor,r,,cotillon,,cotillon,control,r,,7,n,r,cotillor,2,8
ctapitre,ctapitre,r,,chapitre,,chapitre,control,r,,1,h,t,ctapitre,2,8
enivrant,enivrant,prs,en,ivr,ant,enivrant,target,p,0.0,0,e,u,univrant,0,8
activement,adtivement,rss,,act,ive_ment,activement,target,r,,1,c,d,adtivement,1,10
apocalypse,asocalypse,r,,apocalypse,,apocalypse,control,r,,1,p,s,asocalypse,1,10
plart,plart,r,,plant,,plant,control,r,,3,n,r,plart,2,5
irsonorité,irsonorité,prss,in,son,or_ité,insonorité,target,p,0.0,1,n,r,irsonorité,2,10
abratadabra,abracadabra,r,,abracadabra,,abracadabra,control,r,,4,c,t,abratadabra,3,11
gengembre,gingembre,r,,gingembre,,gingembre,control,r,,1,i,e,gengembre,3,9
impulsivité,impulsivité,prss,im,puls,iv_ité,impulsivité,target,s,0.0,0,i,e,impulsevité,0,11
zigzag,zipzag,r,,zigzag,,zigzag,control,r,,2,g,p,zipzag,1,6
seulement,seulemelt,rs_long,,seule,ment,seulement,target,s,0.0,2,n,l,seulemelt,1,9
grenouille,grerouille,r,,grenouille,,grenouille,control,r,,3,n,r,grerouille,1,10
imprétu,imprévu,ppr,im_pré,vu,,imprévu,target,r,,0,v,t,imprétu,3,7
tonseil,conseil,r,,conseil,,conseil,control,r,,0,c,t,tonseil,3,7
couverte,couvemte,r,,couverte,,couverte,control,r,,5,r,m,couvemte,1,8
personle,personle,r,,personne,,personne,control,r,,6,n,l,personle,2,8
surcharge,surcharge,pr_long,sur,charge,,surcharge,target,r,,0,c,s,sursharge,0,9
chiquenaude,chiqeenaude,r,,chiquenaude,,chiquenaude,control,r,,4,u,e,chiqeenaude,1,11
déplaire,duplaire,pr,dé,plaire,,déplaire,target,p,0.0,1,é,u,duplaire,1,8
menégat,menégat,prs,re,nég,at,renégat,target,p,0.0,0,r,m,menégat,2,7
injustice,injusticu,prs_long,in,just,ice,injustice,target,s,0.0,2,e,u,injusticu,1,9
sécouvert,sécouvert,pr_long,dé,couvert,,découvert,target,p,0.0,0,d,s,sécouvert,2,9
actigation,actigation,rsss,,act,iv_at_ion,activation,target,s,0.0,1,v,g,actigation,2,10
soirée,soirie,rs,,soir,ée,soirée,target,s,0.0,0,é,i,soirie,1,6
choucroute,choucroute,r,,choucroute,,choucroute,control,r,,3,u,i,choicroute,0,10
vaikselle,vaikselle,r,,vaisselle,,vaisselle,control,r,,3,s,k,vaikselle,2,9
conséqence,conséqance,rs_long,,conséq,ence,conséqence,target,s,0.0,0,e,a,conséqance,1,10
idéal,edéal,rs,,idé,al,idéal,target,r,,0,i,e,edéal,1,5
recouvert,racouvert,pr_long,re,couvert,,recouvert,target,p,0.0,1,e,a,racouvert,1,9
cartouche,cantouche,r,,cartouche,,cartouche,control,r,,2,r,n,cantouche,1,9
eszogriffe,eszogriffe,r,,escogriffe,,escogriffe,control,r,,2,c,z,eszogriffe,2,10
sonoricé,sonorité,rss,,son,or_ité,sonorité,target,s,1.0,1,t,c,sonoricé,3,8
gouacse,gouacse,r,,gouache,,gouache,control,r,,5,h,s,gouacse,2,7
satullite,satullite,r,,satellite,,satellite,control,r,,3,e,u,satullite,2,9
passager,patsager,rss,,pass,ag_er,passager,target,r,,2,s,t,patsager,1,8
dinosaure,dinosaure,r,,dinosaure,,dinosaure,control,r,,2,n,r,dirosaure,0,9
létqargie,léthargie,r,,léthargie,,léthargie,control,r,,3,h,q,létqargie,3,9
bourgeron,bourgeron,r,,bourgeron,,bourgeron,control,r,,0,b,v,vourgeron,0,9
amprudent,imprudent,prs_long,im,prud,ent,imprudent,target,p,0.0,0,i,a,amprudent,3,9
surnom,curnom,pr,sur,nom,,surnom,target,p,0.0,0,s,c,curnom,1,6
escarmouche,escarmouche,r,,escarmouche,,escarmouche,control,r,,7,u,o,escarmooche,0,11
cappuccino,cappuccino,r,,cappuccino,,cappuccino,control,r,,6,c,s,cappucsino,0,10
posval,postal,rs,,post,al,postal,target,r,,3,t,v,posval,3,6
haditacle,haditacle,r,,habitacle,,habitacle,control,r,,2,b,d,haditacle,2,9
grenat,grenat,r,,grenat,,grenat,control,r,,0,g,v,vrenat,0,6
