first,second,condition,prefixes,root,suffixes,word,target_type,error_to_which_morpheme,i_morpheme,i_within_morpheme,target_letter_before_error,letter_after_error,error_word,is_error,wordlength
fierté,fierté,rs,,fier,té,fierté,target,r,,0,f,p,pierté,0,6
incorrecd,incorrecd,pr_long,in,correct,,incorrect,target,r,,6,t,d,incorrecd,2,9
utilisation,utilisation,rsss,,util,is_at_ion,utilisation,target,r,,3,l,r,utirisation,0,11
chambranle,chambranle,r,,chambranle,,chambranle,control,r,,2,a,e,chembranle,0,10
socialisme,socialisme,rss,,soci,al_isme,socialisme,target,r,,0,s,v,vocialisme,0,10
marmaille,marmairle,r,,marmaille,,marmaille,control,r,,6,l,r,marmairle,1,9
infidèle,inpidèle,pr,in,fidèle,,infidèle,target,r,,0,f,p,inpidèle,1,8
qatterie,qatterie,r,,batterie,,batterie,control,r,,0,b,q,qatterie,2,8
chiquanaude,chiquenaude,r,,chiquenaude,,chiquenaude,control,r,,5,e,a,chiquanaude,3,11
orbotal,orbital,rss,,orb,it_al,orbital,target,s,0.0,0,i,o,orbotal,3,7
prouasse,prouesse,r,,prouesse,,prouesse,control,r,,4,e,a,prouasse,3,8
cosuin,coquin,r,,coquin,,coquin,control,r,,2,q,s,cosuin,3,6
inefficace,inefficace,pr_long,in,efficace,,inefficace,target,p,0.0,0,i,e,enefficace,0,10
rofaire,rofaire,pr,re,faire,,refaire,target,p,0.0,1,e,o,rofaire,2,7
tourage,courage,r,,courage,,courage,control,r,,0,c,t,tourage,3,7
tintamarre,tiltamarre,r,,tintamarre,,tintamarre,control,r,,2,n,l,tiltamarre,1,10
contensus,consensus,r,,consensus,,consensus,control,r,,3,s,t,contensus,3,9
matraque,matraque,r,,matraque,,matraque,control,r,,6,u,œ,matraqœe,0,8
incrédulité,intrédulité,prss,in,créd,ul_ité,incrédulité,target,r,,0,c,t,intrédulité,1,11
accessoire,accessoire,r,,accessoire,,accessoire,control,r,,5,s,c,accescoire,0,10
liquade,liquide,r,,liquide,,liquide,control,r,,4,i,a,liquade,3,7
camembert,camemburt,r,,camembert,,camembert,control,r,,6,e,u,camemburt,1,9
justice,justise,rs,,just,ice,justice,target,s,0.0,1,c,s,justise,1,7
activation,activation,rsss,,act,iv_at_ion,activation,target,s,0.0,1,v,p,actipation,0,10
ansuite,ansuite,pr,en,suite,,ensuite,target,p,0.0,0,e,a,ansuite,2,7
vitalité,vitaloté,rss,,vit,al_ité,vitalité,target,s,1.0,0,i,o,vitaloté,1,8
insonirité,insonorité,prss,in,son,or_ité,insonorité,target,s,0.0,0,o,i,insonirité,3,10
abracadabra,abracadabra,r,,abracadabra,,abracadabra,control,r,,5,a,o,abracodabra,0,11
spectacle,spectacle,r,,spectacle,,spectacle,control,r,,5,a,i,specticle,0,9
amoureuse,amouruuse,rs_long,,amour,euse,amoureuse,target,s,0.0,0,e,u,amouruuse,1,9
ledéfaire,redéfaire,ppr,re_dé,faire,,redéfaire,target,p,0.0,0,r,l,ledéfaire,3,9
tataracte,cataracte,r,,cataracte,,cataracte,control,r,,0,c,t,tataracte,3,9
exactement,exactement,rs_long,,exacte,ment,exactement,target,s,0.0,3,t,d,exactemend,0,10
prétoire,prétoire,r,,prétoire,,prétoire,control,r,,1,r,m,pmétoire,0,8
insouciant,insoucianp,prs_long,in,souci,ant,insouciant,target,s,0.0,2,t,p,insoucianp,1,10
surenchère,surunchère,ppr,sur_en,chère,,surenchère,target,p,1.0,0,e,u,surunchère,1,10
pharaon,psaraon,r,,pharaon,,pharaon,control,r,,1,h,s,psaraon,1,7
capharnaüm,capharnaüm,r,,capharnaüm,,capharnaüm,control,r,,7,a,ê,capharnêüm,0,10
cericature,caricature,r,,caricature,,caricature,control,r,,1,a,e,cericature,3,10
reacteur,reactear,prs,re,act,eur,reacteur,target,s,0.0,1,u,a,reactear,1,8
enivrant,enivrént,prs,en,ivr,ant,enivrant,target,s,0.0,0,a,é,enivrént,1,8
impulsivité,impulsivité,prss,im,puls,iv_ité,impulsivité,target,r,,1,u,e,impelsivité,0,11
amatié,amitié,rs,,ami,tié,amitié,target,r,,2,i,a,amatié,3,6
dontrepiont,contrepiont,pr_long,contre,piont,,contrepiont,target,p,0.0,0,c,d,dontrepiont,3,11
choucroute,chaucroute,r,,choucroute,,choucroute,control,r,,2,o,a,chaucroute,1,10
rhinocéros,rhinècéros,r,,rhinocéros,,rhinocéros,control,r,,4,o,è,rhinècéros,1,10
escarmoushe,escarmouche,r,,escarmouche,,escarmouche,control,r,,8,c,s,escarmoushe,3,11
prothèse,prothèse,r,,prothèse,,prothèse,control,r,,6,s,d,prothède,0,8
assuruur,assureur,prs,as,sur,eur,assureur,target,s,0.0,0,e,u,assuruur,3,8
créativité,créativité,rsss,,cré,at_iv_ité,créativité,target,r,,2,é,u,cruativité,0,10
impréva,impréva,ppr,im_pré,vu,,imprévu,target,r,,1,u,a,impréva,2,7
caoutchoac,caoutchoac,r,,caoutchouc,,caoutchouc,control,r,,8,u,a,caoutchoac,2,10
argenc,argenc,r,,argent,,argent,control,r,,5,t,c,argenc,2,6
amuricain,américain,rs_long,,améric,ain,américain,target,r,,2,é,u,amuricain,3,9
qatastrophe,qatastrophe,r,,catastrophe,,catastrophe,control,r,,0,c,q,qatastrophe,2,11
incroyeble,incroyable,prs_long,in,croy,able,incroyable,target,s,0.0,0,a,e,incroyeble,3,10
gruyère,gruyère,r,,gruyère,,gruyère,control,r,,0,g,t,truyère,0,7
griffon,grisfon,r,,griffon,,griffon,control,r,,3,f,s,grisfon,1,7
lieetenant,lieetenant,r,,lieutenant,,lieutenant,control,r,,3,u,e,lieetenant,2,10
détention,datention,prs_long,dé,tent,ion,détention,target,p,0.0,1,é,a,datention,1,9
